id ,order_id,buy_timestamp,buy_price,buy_amount,buy_cost,buy_fees,closed,sell_timestamp,sell_price,sell_amount,sell_cost,sell_fees,position
205,O3LXOA-2BIPT-YH2DW4,2023-10-11T18:52:14,25155.1,0.00011926,2.999997226,0.0042,True,2023-10-12T14:01:16,25284.5,0.00011926,3.01542947,0.00482,2
181,OCSPJ2-GPKWQ-MJKDKY,2023-10-11T18:11:14,25211.8,0.00011898,2.999699964,0.0042,True,2023-10-12T15:04:14,25357.6,0.00011898,3.017047248,0.00483,2
274,OJKBJ4-3OXW6-URJ4IG,2023-10-12T19:35:14,25193.2,0.00011905,2.99925046,0.0048,True,2023-10-12T21:21:15,25321.1,0.00011905,3.014476955,0.00482,3
270,OITJW7-S4FNY-IYFNGX,2023-10-12T19:27:14,25223.3,0.00011893,2.999807069,0.0048,True,2023-10-12T21:37:15,25352.9,0.00011893,3.015220397,0.00482,3
211,OT4YFG-QYJB2-XM4IRO,2023-10-11T19:01:14,25140.1,0.00011933,2.999968133,0.0042,True,2023-10-12T21:40:16,25352.9,0.00011933,3.025361557,0.00484,2
256,OO3W3M-DF76H-WOKJ3I,2023-10-12T17:50:15,25241.6,0.00011886,3.000216576,0.0048,True,2023-10-12T21:51:15,25370.0,0.00011886,3.0154782,0.00482,3
240,OLIGWE-S4XR5-BY4U5F,2023-10-11T20:11:14,25102.4,0.0001195,2.9997368,0.0042,True,2023-10-12T22:05:16,25362.5,0.0001195,3.03081875,0.00485,2
251,OCJRS6-PEQ42-LT44LJ,2023-10-12T17:44:14,25257.8,0.00011877,2.999868906,0.0048,True,2023-10-12T22:12:15,25377.8,0.00011877,3.014121306,0.00482,3
266,OOV2LA-JPYKU-RALTPL,2023-10-12T18:27:15,25257.2,0.00011876,2.999545072,0.0048,True,2023-10-12T22:35:15,25386.5,0.00011876,3.01490074,0.00482,3
261,OGEQT3-6LBBT-ZMY2UB,2023-10-12T18:01:14,25268.6,0.00011872,2.999888192,0.0048,True,2023-10-12T23:35:15,25397.0,0.00011872,3.01513184,0.00482,3
262,OQDMBF-7UEO6-HY2643,2023-10-12T18:02:15,25276.8,0.00011867,2.999597856,0.0048,True,2023-10-13T00:12:15,25405.5,0.00011867,3.014870685,0.00482,3
154,OERXCX-33KQ2-JYKCVC,2023-10-11T17:29:14,25305.8,0.00011854,2.999749532,0.0042,True,2023-10-13T14:49:16,25501.9,0.00011854,3.022995226,0.00484,2
246,OJACKP-4AWHR-RATCJN,2023-10-12T17:31:14,25274.7,0.00011873,3.000865131,0.0048,True,2023-10-13T14:55:15,25549.9,0.00011873,3.033539627,0.00485,3
260,O3YX2R-55CK5-QRWMGA,2023-10-12T18:00:14,25271.4,0.00011868,2.999209752,0.0048,True,2023-10-13T14:58:15,25550.6,0.00011868,3.032345208,0.00485,3
119,OPYFCA-RSJQH-VJHEBI,2023-10-11T16:32:14,25483.9,0.00011771,2.999709869,0.0042,True,2023-10-15T10:40:13,25612.6,0.00011771,3.014859146,0.00482,2
191,O6LJSN-F3AZJ-VGDPY4,2023-10-11T18:22:14,25152.7,0.00011925,2.999459475,0.0042,True,2023-10-12T14:02:15,25282.4,0.00011925,3.0149262,0.00482,2
187,OAV6LK-YUPUG-J7XF76,2023-10-11T18:17:14,25173.4,0.0001192,3.00066928,0.0042,True,2023-10-12T15:08:15,25373.7,0.0001192,3.02454504,0.00484,2
59,OQLHGR-2HSLZ-4Z6PCD,2023-10-09T13:24:14,26080.5,0.00011498,2.99873589,0.0042,False,,,,,,1
60,OQNRDX-4563M-PTRELW,2023-10-09T13:25:15,26071.9,0.00011512,3.001397128,0.0042,False,,,,,,1
61,OYNCZI-TMHOD-FLL24L,2023-10-09T13:26:14,26090.5,0.00011499,3.000146595,0.0042,False,,,,,,1
62,OPFCCM-GVWRZ-S4EJEL,2023-10-09T13:31:14,26099.9,0.00011494,2.999922506,0.0042,False,,,,,,1
63,OUISKC-SP26Q-WO2VNL,2023-10-09T13:36:14,26113.1,0.00011485,2.999089535,0.0042,False,,,,,,1
64,OPHDS2-OG5BK-ATENI3,2023-10-09T13:41:15,26117.6,0.00011484,2.999345184,0.0042,False,,,,,,1
65,OIOHKU-BVGT7-A4JNMF,2023-10-09T13:51:14,26096.8,0.00011501,3.001392968,0.0042,False,,,,,,1
66,OOCHOI-6ZEK3-G3Z3LH,2023-10-09T13:52:15,26092.2,0.00011495,2.99929839,0.0042,False,,,,,,1
67,O2PYRZ-4S577-RRBH3D,2023-10-09T13:53:14,26056.1,0.00011518,3.001141598,0.0042,False,,,,,,1
4,O3OXTZ-25WT3-AMPJBX,2023-10-09T11:47:15,26244.0,0.00011438,3.00178872,0.0042,False,,,,,,1
5,ONMKNA-XXINY-KI6TA2,2023-10-09T11:48:14,26231.1,0.00011436,2.999788596,0.0042,False,,,,,,1
6,OJSKWK-MVQLN-RLI4JX,2023-10-09T11:49:15,26223.1,0.00011439,2.999660409,0.0042,False,,,,,,1
7,OISTKM-7UNWY-2CUEPT,2023-10-09T11:51:14,26113.1,0.00011488,2.999872928,0.0042,False,,,,,,1
8,OF53IJ-NHJQM-HFAYES,2023-10-09T11:52:14,26117.5,0.00011479,2.998027825,0.0042,False,,,,,,1
9,OZQ3WR-NEZFL-YMXGAQ,2023-10-09T11:53:14,26153.3,0.00011473,3.000568109,0.0042,False,,,,,,1
10,OT67U5-W7MDA-67T4CQ,2023-10-09T11:54:15,26167.3,0.00011464,2.999819272,0.0042,False,,,,,,1
11,OW57UD-HWBOR-PSIM2S,2023-10-09T11:55:15,26167.3,0.00011465,3.000080945,0.0042,False,,,,,,1
12,O5ONKF-PO6S3-KKB7QU,2023-10-09T11:56:14,26146.8,0.00011471,2.999299428,0.0042,False,,,,,,1
13,OGNGOP-CVP2R-JFZXZK,2023-10-09T12:00:14,26145.6,0.00011475,3.0002076,0.0042,False,,,,,,1
14,OC5RAA-NPIRR-5I3GF7,2023-10-09T12:01:15,26138.3,0.0001148,3.00067684,0.0042,False,,,,,,1
15,OQ5BPK-MDMVF-I3WSRG,2023-10-09T12:08:15,26159.3,0.00011468,2.999948524,0.0042,False,,,,,,1
16,OEWFTI-BEEWN-4WL53P,2023-10-09T12:09:14,26180.3,0.0001146,3.00026238,0.0042,False,,,,,,1
17,OQZTQE-JZKBR-J2OFI3,2023-10-09T12:10:15,26180.3,0.00011458,2.999738774,0.0042,False,,,,,,1
18,OUGCJC-AS4HD-BI5PXY,2023-10-09T12:11:14,26160.3,0.00011467,2.999801601,0.0042,False,,,,,,1
19,OXZZLF-6DT6M-RFKAMX,2023-10-09T12:12:15,26169.2,0.00011463,2.999775396,0.0042,False,,,,,,1
20,OEGQWH-NYUWL-FPJ52Y,2023-10-09T12:15:15,26160.9,0.00011466,2.999608794,0.0042,False,,,,,,1
21,ORJNHO-Y556U-RBTKGU,2023-10-09T12:16:14,26156.7,0.0001147,3.00017349,0.0042,False,,,,,,1
22,OJDPC5-MEDHI-CSXTIV,2023-10-09T12:17:15,26158.2,0.00011466,2.999299212,0.0042,False,,,,,,1
23,O33PQS-BVDO5-CSPUWS,2023-10-09T12:20:14,26162.1,0.00011466,2.999746386,0.0042,False,,,,,,1
24,OYZJKZ-JO7WX-DFOTYQ,2023-10-09T12:21:15,26150.1,0.00011472,2.999939472,0.0042,False,,,,,,1
25,O5BUDX-PYWO2-S6IYH5,2023-10-09T12:22:14,26137.2,0.00011477,2.999766444,0.0042,False,,,,,,1
26,OPCDWY-BF3VD-NFJFEC,2023-10-09T12:23:15,26157.4,0.00011468,2.999730632,0.0042,False,,,,,,1
27,O34AQM-PHO24-FLX77Y,2023-10-09T12:24:15,26165.7,0.00011465,2.999897505,0.0042,False,,,,,,1
28,O4EDAO-R4HL4-XN2GYO,2023-10-09T12:30:15,26170.0,0.00011463,2.9998671,0.0042,False,,,,,,1
29,O5PHU3-AF4HH-ACEA7Z,2023-10-09T12:31:15,26140.0,0.00011473,2.9990422,0.0042,False,,,,,,1
30,O2CFAH-45W75-BP2VZ2,2023-10-09T12:32:15,26140.2,0.00011476,2.999849352,0.0042,False,,,,,,1
31,O22I2I-HAQSU-MXQMHT,2023-10-09T12:33:14,26167.7,0.00011464,2.999865128,0.0042,False,,,,,,1
32,OE3UIW-RQNGY-EF4X76,2023-10-09T12:34:15,26148.8,0.00011472,2.999790336,0.0042,False,,,,,,1
33,OUI3XA-BWBOI-TMSFNU,2023-10-09T12:38:14,26143.9,0.00011472,2.999228208,0.0042,False,,,,,,1
34,OT3BWA-ZNKQR-3EQHGH,2023-10-09T12:39:15,26136.1,0.00011479,3.000162919,0.0042,False,,,,,,1
35,OXN4UN-PICG3-MFCF3L,2023-10-09T12:40:14,26132.5,0.00011479,2.999749675,0.0042,False,,,,,,1
36,OL6YHE-CD7U2-SR4SWB,2023-10-09T12:41:14,26145.4,0.00011476,3.000446104,0.0042,False,,,,,,1
37,ORQSAJ-2DBCS-GB7TLQ,2023-10-09T12:43:14,26133.0,0.00011479,2.99980707,0.0042,False,,,,,,1
38,OHU4G6-6C24W-BCRO5M,2023-10-09T12:44:15,26115.1,0.00011487,2.999841537,0.0042,False,,,,,,1
39,OEPGU2-VHDBG-ES2K4Q,2023-10-09T12:45:14,26126.0,0.00011478,2.99874228,0.0042,False,,,,,,1
40,OKCTQI-37MPL-DU2MHD,2023-10-09T12:46:19,26123.3,0.00011484,2.999999772,0.0042,False,,,,,,1
41,ORVN4G-C3W3M-3KZQUA,2023-10-09T12:47:14,26106.5,0.0001149,2.99963685,0.0042,False,,,,,,1
42,O3PVAN-A6XO3-2MF4EK,2023-10-09T12:48:15,26121.7,0.00011485,3.000077245,0.0042,False,,,,,,1
43,OG7NYY-X4YK3-5F6WXS,2023-10-09T13:04:15,26128.3,0.00011481,2.999790123,0.0042,False,,,,,,1
44,O33W32-VNGMJ-BRCA4F,2023-10-09T13:05:15,26131.8,0.0001148,2.99993064,0.0042,False,,,,,,1
45,OABLO7-S7Z56-JHNOYX,2023-10-09T13:06:14,26125.5,0.00011482,2.99972991,0.0042,False,,,,,,1
46,ORLM2J-5KAN4-K2JV2V,2023-10-09T13:07:15,26106.6,0.00011491,2.999909406,0.0042,False,,,,,,1
47,OL6JBT-WMYLD-CMQMEM,2023-10-09T13:08:14,26114.2,0.00011488,2.999999296,0.0042,False,,,,,,1
48,OXFYKX-VZPDQ-Z6BI2Y,2023-10-09T13:09:15,26116.7,0.00011488,3.000286496,0.0042,False,,,,,,1
49,OLN2MR-DDYOO-JD75Z2,2023-10-09T13:10:15,26114.7,0.00011485,2.999273295,0.0042,False,,,,,,1
50,OKKHJ5-P3PGU-B33CW5,2023-10-09T13:14:15,26115.8,0.00011487,2.999921946,0.0042,False,,,,,,1
51,ODALWS-QD3MG-QNQV26,2023-10-09T13:15:15,26104.1,0.00011489,2.999100049,0.0042,False,,,,,,1
52,OXOWY3-EEXWZ-EI47AC,2023-10-09T13:16:14,26095.0,0.00011496,2.9998812,0.0042,False,,,,,,1
53,OUIDKZ-ZHYRI-QO352H,2023-10-09T13:17:15,26096.0,0.00011497,3.00025712,0.0042,False,,,,,,1
54,O5PAPT-Y4PCR-SJPEQH,2023-10-09T13:18:15,26093.2,0.00011497,2.999935204,0.0042,False,,,,,,1
55,OBESLI-TMCHM-DOVRNP,2023-10-09T13:19:14,26075.7,0.00011505,3.000009285,0.0042,False,,,,,,1
56,OI454E-6DYII-FKWIRY,2023-10-09T13:20:15,26098.2,0.00011496,3.000249072,0.0042,False,,,,,,1
57,OL7TCL-TBB2Z-C7MDSA,2023-10-09T13:22:14,26096.0,0.00011496,2.99999616,0.0042,False,,,,,,1
58,OYDRHG-35WKG-FLX6FU,2023-10-09T13:23:15,26090.1,0.00011498,2.999839698,0.0042,False,,,,,,1
68,O26BQL-RLLEY-EAJ6SI,2023-10-09T13:54:15,26086.6,0.000115,2.999959,0.0042,False,,,,,,1
69,OL3ZPM-VULRK-XYCYAQ,2023-10-09T13:56:15,26065.8,0.00011505,2.99887029,0.0042,False,,,,,,1
70,OEFBVH-2UUST-VHGO3M,2023-10-09T14:00:15,26081.0,0.00011501,2.99957581,0.0042,False,,,,,,1
71,OQANN4-T3ETQ-IRIHIG,2023-10-09T14:01:15,26066.1,0.00011508,2.999686788,0.0042,False,,,,,,1
72,OD437O-5FMUG-BJWYAP,2023-10-09T14:02:15,26090.7,0.00011499,3.000169593,0.0042,False,,,,,,1
73,OOAGRO-SUL4L-3ROKJZ,2023-10-09T14:03:14,26083.0,0.00011503,3.00032749,0.0042,False,,,,,,1
74,ODIZJS-TWYYN-FE53XD,2023-10-09T14:04:14,26072.6,0.00011506,2.999913356,0.0042,False,,,,,,1
75,OU46DG-Y5X7W-SOD7GQ,2023-10-09T14:05:14,26053.7,0.00011514,2.999823018,0.0042,False,,,,,,1
76,O2YUFF-TDGZN-TG2TS3,2023-10-09T14:06:15,26068.1,0.00011508,2.999916948,0.0042,False,,,,,,1
77,OM67DC-MHOQX-AY2VAQ,2023-10-09T14:07:15,26049.8,0.00011517,3.000155466,0.0042,False,,,,,,1
78,OQYPBO-YUMNR-ZQ7FIJ,2023-10-09T14:08:15,26055.0,0.00011514,2.9999727,0.0042,False,,,,,,1
79,OZS3T2-2SDCS-XZLESG,2023-10-09T14:09:14,26067.7,0.00011508,2.999870916,0.0042,False,,,,,,1
80,OZJY35-3GS6L-AE25XK,2023-10-09T14:11:15,26053.7,0.00011514,2.999823018,0.0042,False,,,,,,1
81,O5XHDX-5RA6K-MD76CA,2023-10-09T14:12:14,26042.5,0.00011519,2.999835575,0.0042,False,,,,,,1
201,O3RDC7-VEPFS-YKCDOG,2023-10-11T18:45:14,25170.4,0.00011918,2.999808272,0.0042,True,2023-10-12T14:33:15,25277.8,0.00011918,3.012608204,0.00482,2
275,OLPXRJ-43FWO-6YZIU6,2023-10-12T19:36:14,25200.5,0.00011903,2.999615515,0.0048,True,2023-10-12T21:34:15,25336.8,0.00011903,3.015839304,0.00483,3
271,OVPA2L-2FUKR-ORN2BQ,2023-10-12T19:30:15,25223.4,0.00011893,2.999818962,0.0048,True,2023-10-12T21:36:15,25352.9,0.00011893,3.015220397,0.00482,3
215,OVO6YN-ZTJ5P-SY7ZUD,2023-10-11T19:05:14,25133.9,0.00011932,2.998976948,0.0042,True,2023-10-12T21:45:15,25357.5,0.00011932,3.0256569,0.00484,2
232,OWEI3A-46WPY-PDCO5W,2023-10-11T19:51:14,25100.4,0.00011952,2.999999808,0.0042,True,2023-10-12T22:09:15,25379.0,0.00011952,3.03329808,0.00485,2
258,OM4CI3-KVKRS-MWH7AT,2023-10-12T17:52:14,25262.8,0.00011877,3.000462756,0.0048,True,2023-10-12T22:16:15,25389.9,0.00011877,3.015558423,0.00482,3
243,OXZDCF-ZW7V6-NONWUS,2023-10-12T17:03:14,25269.3,0.0001187,2.99946591,0.0048,True,2023-10-12T23:02:15,25391.4,0.0001187,3.01395918,0.00482,3
267,OAKXW4-NS6RV-4CKAVT,2023-10-12T18:28:14,25266.6,0.00011875,3.00040875,0.0048,True,2023-10-13T00:14:15,25395.7,0.00011875,3.015739375,0.00483,3
248,OXVWUV-WLZEZ-MM4ZIF,2023-10-12T17:33:14,25275.1,0.00011868,2.999648868,0.0048,True,2023-10-13T00:15:15,25400.9,0.00011868,3.014578812,0.00482,3
153,OIWC4D-AW5A6-AWODU4,2023-10-11T17:28:13,25308.2,0.00011858,3.001046356,0.0042,True,2023-10-13T09:34:15,25510.1,0.00011858,3.024987658,0.00484,2
244,OULZJ6-L3B26-OYPA46,2023-10-12T17:04:14,25280.4,0.00011866,2.999772264,0.0048,True,2023-10-13T14:52:15,25530.7,0.00011866,3.029472862,0.00485,3
253,OTVQBS-VBZE7-T6LD6E,2023-10-12T17:46:15,25274.5,0.00011869,2.999830405,0.0048,True,2023-10-13T14:56:15,25534.8,0.00011869,3.030725412,0.00485,3
250,O4S3LX-KWCVZ-XA3OBP,2023-10-12T17:43:15,25264.1,0.00011874,2.999859234,0.0048,True,2023-10-13T14:59:15,25539.9,0.00011874,3.032607726,0.00485,3
263,O2M73O-YGSEY-YR7EVH,2023-10-12T18:03:15,25260.1,0.00011876,2.999889476,0.0048,True,2023-10-13T15:01:15,25556.3,0.00011876,3.035066188,0.00486,3
110,OQD565-OU5SX-GQ5FZO,2023-10-11T16:27:14,25488.1,0.0001177,2.99994937,0.0042,True,2023-10-15T10:44:14,25618.1,0.0001177,3.01525037,0.00482,2
197,O4VGN6-YVXPF-AGJOEH,2023-10-11T18:40:13,25196.4,0.00011908,3.000387312,0.0042,True,2023-10-12T14:38:15,25319.6,0.00011908,3.015057968,0.00482,2
161,O4UZYN-6AE4Z-3MYLTD,2023-10-11T17:36:14,25227.5,0.0001189,2.99954975,0.0042,True,2023-10-12T14:41:16,25354.4,0.0001189,3.01463816,0.00482,2
167,O6WH34-V6MKH-JVLY6R,2023-10-11T17:47:13,25228.2,0.00011889,2.999380698,0.0042,True,2023-10-12T15:03:14,25358.5,0.00011889,3.014872065,0.00482,2
169,OYMRCF-3HRM5-IXSHY6,2023-10-11T17:49:14,25251.7,0.0001188,2.99990196,0.0042,True,2023-10-12T15:10:15,25380.7,0.0001188,3.01522716,0.00482,2
163,ODK67W-W4TXH-3N6PCW,2023-10-11T17:38:14,25251.6,0.00011882,3.000395112,0.0042,True,2023-10-12T15:13:14,25380.6,0.00011882,3.015722892,0.00483,2
165,O3EID3-LFGTF-GTOTBL,2023-10-11T17:44:14,25250.2,0.00011881,2.999976262,0.0042,True,2023-10-12T15:14:15,25373.7,0.00011881,3.014649297,0.00482,2
171,O64NYQ-4E6RP-E5ANRE,2023-10-11T17:59:15,25243.1,0.00011884,2.999890004,0.0042,True,2023-10-12T15:16:15,25380.6,0.00011884,3.016230504,0.00483,2
159,O64HAX-GMTYU-K4YTBC,2023-10-11T17:34:14,25240.1,0.00011885,2.999785885,0.0042,True,2023-10-12T15:17:16,25380.7,0.00011885,3.016496195,0.00483,2
249,OBLMXJ-ZKHK6-7I5L2P,2023-10-12T17:42:14,25275.0,0.00011869,2.99988975,0.0048,True,2023-10-13T14:53:16,25533.3,0.00011869,3.030547377,0.00485,3
147,OCU25T-F4ZKH-QEDCZ4,2023-10-11T17:25:14,25415.0,0.00011804,2.9999866,0.0042,True,2023-10-13T14:54:15,25548.9,0.00011804,3.015792156,0.00483,2
259,O5K3QS-C6RHY-I5HXCF,2023-10-12T17:59:15,25268.5,0.00011872,2.99987632,0.0048,True,2023-10-13T00:13:16,25396.2,0.00011872,3.015036864,0.00482,3
151,OPSGJL-SYSZI-ZAPRRQ,2023-10-11T17:27:15,25365.8,0.00011801,2.993418058,0.00419,True,2023-10-13T09:32:15,25509.7,0.00011801,3.010399697,0.00482,2
247,OOVHKL-RVIBQ-GBLGQZ,2023-10-12T17:32:14,25272.7,0.0001187,2.99986949,0.0048,True,2023-10-12T23:33:15,25402.6,0.0001187,3.01528862,0.00482,3
269,OWCQMO-2ABBU-DT4NMC,2023-10-12T19:24:15,25214.9,0.00011897,2.999816653,0.0048,True,2023-10-12T21:38:16,25351.1,0.00011897,3.016020367,0.00483,3
273,ONH3T7-K5PN2-AM7BUC,2023-10-12T19:34:15,25207.6,0.00011901,2.999956476,0.0048,True,2023-10-12T21:33:15,25336.8,0.00011901,3.015332568,0.00482,3
82,O7ZNLF-OX5JB-65J7SB,2023-10-11T15:22:14,25536.4,0.00011748,3.000016272,0.0042,False,,,,,,2
85,OOW4TT-6FNFG-W7RUPD,2023-10-11T15:35:14,25540.7,0.00011748,3.000521436,0.0042,False,,,,,,2
88,OTG4XO-UNEHX-PLLOK7,2023-10-11T15:38:14,25538.8,0.00011752,3.001319776,0.0042,False,,,,,,2
91,OQKXYK-MNDSU-SZVXSN,2023-10-11T15:49:14,25530.8,0.0001175,2.999869,0.0042,False,,,,,,2
94,OKAMPQ-AWLKU-IH2KG2,2023-10-11T15:52:13,25528.0,0.00011751,2.99979528,0.0042,False,,,,,,2
97,O7ZP56-OEQSB-5Q74BW,2023-10-11T15:57:14,25531.2,0.0001175,2.999916,0.0042,False,,,,,,2
100,O7WMQB-K6V5T-O6UND5,2023-10-11T16:04:14,25508.6,0.00011761,3.000066446,0.0042,False,,,,,,2
101,OKEIUD-KOOCF-NPDMSP,2023-10-11T16:05:14,25529.7,0.00011755,3.001016235,0.0042,False,,,,,,2
104,OUMNYS-U52E2-IPP3J6,2023-10-11T16:20:13,25511.4,0.00011759,2.999885526,0.0042,False,,,,,,2
108,OFXAXM-Z62IY-CEB346,2023-10-11T16:26:14,25487.4,0.00011769,2.999612106,0.0042,False,,,,,,2
111,OMITTO-5G74J-UJL7I5,2023-10-11T16:28:13,25475.6,0.00011775,2.9997519,0.0042,False,,,,,,2
112,OS5CZM-5KCNR-RK7MSK,2023-10-11T16:28:14,25475.6,0.00011775,2.9997519,0.0042,False,,,,,,2
115,OTQJKY-IHDVA-AEJ3BW,2023-10-11T16:30:14,25463.0,0.0001178,2.9995414,0.0042,False,,,,,,2
116,OCX4RS-JPGW2-Q6UXFR,2023-10-11T16:30:15,25463.0,0.0001178,2.9995414,0.0042,False,,,,,,2
118,O2J6HW-SJE3X-5W7VA3,2023-10-11T16:31:14,25467.3,0.0001178,3.00004794,0.0042,False,,,,,,2
121,OKEEOH-OG7UK-2R4ZA5,2023-10-11T16:41:14,25477.0,0.00011775,2.99991675,0.0042,False,,,,,,2
122,O7V6NW-IR7ML-HCZSFU,2023-10-11T16:41:14,25477.0,0.00011775,2.99991675,0.0042,False,,,,,,2
125,OIJ4AF-4L4OM-XDFZ75,2023-10-11T16:43:13,25480.1,0.00011773,2.999772173,0.0042,False,,,,,,2
126,OI6QAV-GRCFB-Q7EMDV,2023-10-11T16:43:14,25480.1,0.00011773,2.999772173,0.0042,False,,,,,,2
129,OS476X-A6QYD-MZWJMU,2023-10-11T16:48:14,25476.0,0.00011775,2.999799,0.0042,False,,,,,,2
130,OWVELG-XX5YU-GZBTII,2023-10-11T16:48:14,25476.0,0.00011775,2.999799,0.0042,False,,,,,,2
132,OIG4RF-6JDFE-DSGEKY,2023-10-11T16:55:13,25496.2,0.00011768,3.000392816,0.0042,False,,,,,,2
133,OLKFQR-KJAJE-LQOEX4,2023-10-11T16:55:13,25496.2,0.00011768,3.000392816,0.0042,False,,,,,,2
136,OPFFVB-2CFBY-KMPMSE,2023-10-11T17:19:14,25445.7,0.00011788,2.999539116,0.0042,False,,,,,,2
137,OQELFL-3NVDM-GSVJTY,2023-10-11T17:19:14,25445.7,0.00011788,2.999539116,0.0042,False,,,,,,2
140,O7ZRNH-HRHWT-ABUMF6,2023-10-11T17:21:13,25437.2,0.00011793,2.999808996,0.0042,False,,,,,,2
141,OSJ232-TLYPR-Q32FAC,2023-10-11T17:21:14,25437.2,0.00011793,2.999808996,0.0042,False,,,,,,2
144,OZJ3A6-MLLJW-FTFPU6,2023-10-11T17:23:13,25453.3,0.00011789,3.000689537,0.0042,False,,,,,,2
145,O6L4RY-RLJHU-7G54AO,2023-10-11T17:23:13,25452.9,0.00011789,3.000642381,0.0042,False,,,,,,2
272,O3IKOZ-KCQCB-NZGPLC,2023-10-12T19:33:14,25201.0,0.00011903,2.99967503,0.0048,True,2023-10-12T21:32:15,25330.9,0.00011903,3.015137027,0.00482,3
268,O4ONSI-CIEQQ-DSRQY7,2023-10-12T19:23:15,25218.0,0.00011894,2.99942892,0.0048,True,2023-10-12T21:35:16,25345.9,0.00011894,3.014641346,0.00482,3
257,OBXT4D-Y4P75-EEQCVG,2023-10-12T17:51:15,25244.9,0.00011882,2.999599018,0.0048,True,2023-10-12T21:53:16,25376.1,0.00011882,3.015188202,0.00482,3
233,O23MYW-YK7JQ-L72YNH,2023-10-11T19:53:14,25105.8,0.00011947,2.999389926,0.0042,True,2023-10-12T21:54:15,25369.9,0.00011947,3.030941953,0.00485,2
255,OOJQVX-UBTJD-AIIYOB,2023-10-12T17:49:14,25250.0,0.00011881,2.9999525,0.0048,True,2023-10-12T22:06:15,25379.5,0.00011881,3.015338395,0.00482,3
252,OLGB4L-7Q4O2-IVMBVY,2023-10-12T17:45:14,25257.8,0.00011877,2.999868906,0.0048,True,2023-10-12T22:15:15,25385.3,0.00011877,3.015012081,0.00482,3
264,OQAH6D-OESOK-ZPNMHE,2023-10-12T18:04:14,25258.9,0.00011876,2.999746964,0.0048,True,2023-10-12T22:34:15,25386.5,0.00011876,3.01490074,0.00482,3
254,O7KCEN-Q5DDV-GA2G7I,2023-10-12T17:48:15,25269.2,0.00011872,2.999959424,0.0048,True,2023-10-12T23:34:16,25397.0,0.00011872,3.01513184,0.00482,3
150,OJX2R5-O35LR-7FNDGH,2023-10-11T17:27:13,25379.4,0.00011801,2.995022994,0.00419,True,2023-10-13T09:33:14,25512.4,0.00011801,3.010718324,0.00482,2
155,OMT54Y-QIES2-CTI2DL,2023-10-11T17:30:13,25305.8,0.00011856,3.000255648,0.0042,True,2023-10-13T14:48:15,25499.2,0.00011856,3.023185152,0.00484,2
157,OBMSLP-533AI-DP62HL,2023-10-11T17:32:14,25282.3,0.00011864,2.999492072,0.0042,True,2023-10-13T14:51:15,25512.1,0.00011864,3.026755544,0.00484,2
265,OUEI6M-FEUIP-LE6HBZ,2023-10-12T18:05:15,25259.9,0.00011877,3.000118323,0.0048,True,2023-10-13T15:10:14,25518.3,0.00011877,3.030808491,0.00485,3
107,O4QDGV-4QQCC-XTKXRY,2023-10-11T16:26:13,25487.4,0.00011769,2.999612106,0.0042,True,2023-10-15T10:42:14,25615.5,0.00011769,3.014688195,0.00482,2
83,OOBJEQ-Y7PL5-BJTIXN,2023-10-11T15:23:14,25550.0,0.00011745,3.0008475,0.0042,False,,,,,,2
86,OW4TCU-WFRJM-WSRXOH,2023-10-11T15:36:14,25531.0,0.0001175,2.9998925,0.0042,False,,,,,,2
89,OH27KU-4Q6BK-XPYIBL,2023-10-11T15:39:14,25540.8,0.00011747,3.000277776,0.0042,False,,,,,,2
92,OYYG3F-T4UNV-6SBSQF,2023-10-11T15:50:14,25527.0,0.00011751,2.99967777,0.0042,False,,,,,,2
95,OWP4RT-LWQLU-ABMCSP,2023-10-11T15:55:14,25536.5,0.00011747,2.999772655,0.0042,False,,,,,,2
98,OM26ZG-XALV3-ZSQ7A2,2023-10-11T16:02:14,25532.6,0.00011748,2.999569848,0.0042,False,,,,,,2
102,OO2CZY-VCIM4-H5W5K6,2023-10-11T16:17:14,25520.4,0.00011754,2.999667816,0.0042,False,,,,,,2
84,OTIWQ7-IKN2D-BSTLG4,2023-10-11T15:24:14,25550.8,0.00011741,2.999919428,0.0042,False,,,,,,2
87,OFV72N-S6NAD-T52URP,2023-10-11T15:37:14,25525.1,0.00011752,2.999709752,0.0042,False,,,,,,2
90,OVV54S-5O2H7-GH5ZYN,2023-10-11T15:43:14,25538.2,0.00011746,2.999716972,0.0042,False,,,,,,2
93,OQU72U-AWNBA-AJTGR4,2023-10-11T15:51:14,25536.0,0.00011748,2.99996928,0.0042,False,,,,,,2
96,OAMRHR-IWHWC-PM54B3,2023-10-11T15:56:14,25525.5,0.00011752,2.99975676,0.0042,False,,,,,,2
99,OGVRM7-AJJTS-7N2QAP,2023-10-11T16:03:14,25526.4,0.00011751,2.999607264,0.0042,False,,,,,,2
103,O4Z7HB-JQRM3-IZYXNR,2023-10-11T16:18:14,25524.9,0.00011754,3.000196746,0.0042,False,,,,,,2
105,ORQVFB-MR5EW-SIU2KQ,2023-10-11T16:25:13,25505.1,0.00011762,2.999909862,0.0042,False,,,,,,2
106,ODWUNN-GULB5-7KCNBQ,2023-10-11T16:25:14,25505.1,0.00011762,2.999909862,0.0042,False,,,,,,2
113,OJNCTF-5NANG-OW4XL6,2023-10-11T16:29:14,25475.6,0.00011775,2.9997519,0.0042,False,,,,,,2
114,OQQ5MF-OCLLS-WCGFCZ,2023-10-11T16:29:14,25475.6,0.00011775,2.9997519,0.0042,False,,,,,,2
117,ON2TH7-DTICD-CI7NVF,2023-10-11T16:31:14,25467.3,0.0001178,3.00004794,0.0042,False,,,,,,2
123,OWX4QX-THGWN-SVSYLC,2023-10-11T16:42:13,25477.6,0.00011775,2.9999874,0.0042,False,,,,,,2
124,ONKF23-RZ3TF-6O6YGQ,2023-10-11T16:42:13,25477.6,0.00011775,2.9999874,0.0042,False,,,,,,2
127,OUF746-3DWAN-6JEVOW,2023-10-11T16:47:14,25479.8,0.00011773,2.999736854,0.0042,False,,,,,,2
128,O3ZEZF-K6ABM-HWQGVM,2023-10-11T16:47:14,25479.8,0.00011773,2.999736854,0.0042,False,,,,,,2
134,OHJS3U-A66IQ-EAXNDA,2023-10-11T17:18:13,25445.9,0.00011797,3.001852823,0.0042,False,,,,,,2
135,O7GGC5-5B3JL-Q32IJQ,2023-10-11T17:18:14,25445.9,0.00011797,3.001852823,0.0042,False,,,,,,2
138,O6ZUCT-USQAM-PS5E5P,2023-10-11T17:20:13,25447.9,0.00011784,2.998780536,0.0042,False,,,,,,2
139,OOQVE2-Q4L3X-VTYG3G,2023-10-11T17:20:14,25447.8,0.00011784,2.998768752,0.0042,False,,,,,,2
142,O6YI4Z-H7KOJ-ASFD7S,2023-10-11T17:22:14,25454.4,0.00011787,3.000310128,0.0042,False,,,,,,2
143,OTEZIK-AHZWQ-SCYL45,2023-10-11T17:22:14,25454.4,0.00011787,3.000310128,0.0042,False,,,,,,2
146,O7WNAE-HJ7M6-7JIX4W,2023-10-11T17:24:14,25442.3,0.0001179,2.99964717,0.0042,False,,,,,,2
148,OHJ7FZ-GLAAQ-VLL4XP,2023-10-11T17:26:14,25432.4,0.00011796,3.000005904,0.0042,False,,,,,,2
149,OTAU7Y-TP4W4-HV6TQC,2023-10-11T17:26:14,25432.0,0.00011796,2.99995872,0.0042,False,,,,,,2
212,OVZUR7-FWPEX-FB2A7T,2023-10-11T19:02:14,25125.1,0.00011941,3.000188191,0.0042,True,2023-10-12T14:13:15,25254.6,0.00011941,3.015651786,0.00483,2
207,OEJBST-TQTSV-H3VM23,2023-10-11T18:54:14,25122.1,0.00011941,2.999829961,0.0042,True,2023-10-12T14:14:15,25247.8,0.00011941,3.014839798,0.00482,2
185,OQVGER-R5REP-QKOYEB,2023-10-11T18:15:13,25202.3,0.00011903,2.999829769,0.0042,True,2023-10-12T14:32:15,25323.7,0.00011903,3.014280011,0.00482,2
193,O6CTPU-WJ23X-ZVUVXE,2023-10-11T18:26:14,25164.9,0.00011927,3.001417623,0.0042,True,2023-10-12T14:35:15,25309.2,0.00011927,3.018628284,0.00483,2
203,O2NNYK-YHQ3D-ASKLS3,2023-10-11T18:48:14,25179.1,0.00011914,2.999837974,0.0042,True,2023-10-12T14:37:15,25329.2,0.00011914,3.017720888,0.00483,2
179,OPPTJJ-HB5VY-BEKOF4,2023-10-11T18:08:14,25219.8,0.00011896,3.000147408,0.0042,True,2023-10-12T14:42:16,25354.4,0.00011896,3.016159424,0.00483,2
195,OV5E2R-5DQL4-2DRWHY,2023-10-11T18:38:14,25192.3,0.00011908,2.999899084,0.0042,True,2023-10-12T14:54:15,25331.5,0.00011908,3.01647502,0.00483,2
177,O7GG5H-BAN37-RUNW4C,2023-10-11T18:05:14,25212.3,0.00011902,3.000767946,0.0042,True,2023-10-12T15:01:15,25342.9,0.00011902,3.016311958,0.00483,2
175,OCJJY4-7QKMY-EHYO6Z,2023-10-11T18:03:14,25212.1,0.00011896,2.999231416,0.0042,True,2023-10-12T15:02:15,25347.1,0.00011896,3.015291016,0.00482,2
189,O7XKWG-WJO45-Y7XS6B,2023-10-11T18:19:13,25175.8,0.00011916,2.999948328,0.0042,True,2023-10-12T15:05:15,25359.9,0.00011916,3.021885684,0.00484,2
199,OQ4AA5-EEEJI-YVF2UX,2023-10-11T18:43:14,25175.8,0.00011916,2.999948328,0.0042,True,2023-10-12T15:07:15,25365.8,0.00011916,3.022588728,0.00484,2
173,O7F7QT-LSV4C-BMXBJT,2023-10-11T18:01:13,25253.3,0.00011879,2.999839507,0.0042,True,2023-10-12T15:09:15,25380.8,0.00011879,3.014985232,0.00482,2
204,OJQFEX-HPUSY-DB7ZAC,2023-10-11T18:51:14,25163.4,0.0001192,2.99947728,0.0042,True,2023-10-12T15:59:15,25346.3,0.0001192,3.02127896,0.00483,2
209,OUIJKV-WD5WC-NZSOBV,2023-10-11T18:56:14,25152.6,0.00011926,2.999699076,0.0042,True,2023-10-12T21:27:16,25325.6,0.00011926,3.020331056,0.00483,2
206,O4HFJU-XP5UK-O6W2ZD,2023-10-11T18:53:14,25142.1,0.00011932,2.999955372,0.0042,True,2023-10-12T21:31:16,25324.1,0.00011932,3.021671612,0.00483,2
214,OUKYYD-IRNNQ-DP2HDA,2023-10-11T19:04:14,25140.3,0.00011932,2.999740596,0.0042,True,2023-10-12T21:39:15,25351.3,0.00011932,3.024917116,0.00484,2
213,OI7JXH-Z3Q65-OA3ZWP,2023-10-11T19:03:14,25135.4,0.00011935,2.99990999,0.0042,True,2023-10-12T21:43:16,25360.7,0.00011935,3.026799545,0.00484,2
208,OTUGLF-COZUR-GLUJ44,2023-10-11T18:55:14,25135.2,0.00011935,2.99988612,0.0042,True,2023-10-12T21:44:15,25354.0,0.00011935,3.0259999,0.00484,2
156,OBPCPL-UC6S6-SVBR65,2023-10-11T17:31:15,25310.9,0.00011849,2.999088541,0.0042,True,2023-10-13T09:31:15,25490.1,0.00011849,3.020321949,0.00483,2
152,OGMVAJ-BLFSC-HEKUJA,2023-10-11T17:28:13,25308.1,0.00011864,3.002552984,0.0042,True,2023-10-13T09:35:14,25509.4,0.00011864,3.026435216,0.00484,2
158,OSUW2F-FY4PG-GRUMNM,2023-10-11T17:33:13,25300.0,0.00011866,3.002098,0.0042,True,2023-10-13T14:50:15,25509.0,0.00011866,3.02689794,0.00484,2
160,O6AL32-N6RME-H4LB7U,2023-10-11T17:35:13,25274.2,0.0001187,3.00004754,0.0042,True,2023-10-13T14:57:15,25549.2,0.0001187,3.03269004,0.00485,2
120,OXNM6C-7IMLX-TPMWT6,2023-10-11T16:32:14,25483.9,0.00011771,2.999709869,0.0042,True,2023-10-15T10:39:14,25612.6,0.00011771,3.014859146,0.00482,2
131,OOQOKP-RG6N4-DDV46V,2023-10-11T16:49:14,25480.5,0.00011773,2.999819265,0.0042,True,2023-10-15T10:41:14,25615.3,0.00011773,3.015689269,0.00483,2
109,OO4RLC-NXVQW-C2DEUQ,2023-10-11T16:27:13,25488.1,0.0001177,2.99994937,0.0042,True,2023-10-15T10:43:14,25618.1,0.0001177,3.01525037,0.00482,2
221,OKU5UE-H3PTL-7CKFIW,2023-10-11T19:16:14,25118.7,0.00011944,3.000177528,0.0042,True,2023-10-12T01:29:15,25249.1,0.00011944,3.015752504,0.00422,2
235,OQP2D4-2YXJ2-Y7XRRP,2023-10-11T20:06:14,25122.4,0.00011941,2.999865784,0.0042,True,2023-10-12T01:30:14,25243.2,0.00011941,3.014290512,0.00422,2
229,OBEADB-Y7UW6-22KX4C,2023-10-11T19:48:14,25118.0,0.00011951,3.00185218,0.0042,True,2023-10-12T01:31:15,25244.1,0.00011951,3.016922391,0.00422,2
223,O6NCDJ-N3D7I-LVBZBU,2023-10-11T19:18:14,25117.1,0.00011948,3.000991108,0.0042,True,2023-10-12T01:32:15,25237.1,0.00011948,3.015328708,0.00422,2
220,OPLY54-KN7OD-ZEZY7T,2023-10-11T19:15:14,25124.8,0.00011937,2.999147376,0.0042,True,2023-10-12T14:15:15,25249.8,0.00011937,3.014068626,0.00482,2
222,OM5SUZ-GBAJH-23YR3R,2023-10-11T19:17:14,25117.9,0.00011943,2.999830797,0.0042,True,2023-10-12T14:16:15,25243.7,0.00011943,3.014855091,0.00482,2
225,OLD2V5-5VW54-YKRBVK,2023-10-11T19:20:14,25120.7,0.00011943,3.000165201,0.0042,True,2023-10-12T14:17:15,25247.4,0.00011943,3.015296982,0.00482,2
228,OIUXLD-NUCM3-B4ELJZ,2023-10-11T19:47:14,25124.6,0.00011941,3.000128486,0.0042,True,2023-10-12T14:18:15,25254.3,0.00011941,3.015615963,0.00482,2
216,OM3QOE-GXZW4-VL5RLL,2023-10-11T19:06:14,25129.2,0.00011939,3.000175188,0.0042,True,2023-10-12T14:19:15,25257.2,0.00011939,3.015457108,0.00482,2
217,OP7C5P-DLDDQ-25SQPK,2023-10-11T19:08:14,25127.9,0.00011938,2.999768702,0.0042,True,2023-10-12T14:20:15,25254.3,0.00011938,3.014858334,0.00482,2
234,ONGAGY-GXMIT-ZXL6HS,2023-10-11T20:00:14,25113.5,0.00011947,3.000309845,0.0042,True,2023-10-12T14:21:15,25246.5,0.00011947,3.016199355,0.00483,2
196,O4JEPT-FTQDK-7ZDEEM,2023-10-11T18:39:14,25190.3,0.00011909,2.999912827,0.0042,True,2023-10-12T14:36:15,25326.9,0.00011909,3.016180521,0.00483,2
180,OGTSHH-RLWYX-HDCGUM,2023-10-11T18:09:14,25217.0,0.00011894,2.99930998,0.0042,True,2023-10-12T14:39:15,25345.4,0.00011894,3.014581876,0.00482,2
198,OTXPTD-VO2GW-VQ535E,2023-10-11T18:41:14,25194.0,0.00011906,2.99959764,0.0042,True,2023-10-12T14:40:15,25336.7,0.00011906,3.016587502,0.00483,2
174,OK4ZD5-6H66F-VLFZVI,2023-10-11T18:02:14,25230.7,0.00011888,2.999425616,0.0042,True,2023-10-12T14:43:15,25358.0,0.00011888,3.01455904,0.00482,2
176,OZVPWE-ZHIGG-6GANIW,2023-10-11T18:04:14,25214.1,0.00011899,3.000225759,0.0042,True,2023-10-12T14:44:15,25354.3,0.00011899,3.016908157,0.00483,2
168,OAUITE-4UBZW-T76QWD,2023-10-11T17:48:15,25228.6,0.00011889,2.999428254,0.0042,True,2023-10-12T14:45:15,25358.3,0.00011889,3.014848287,0.00482,2
186,OU7UGE-CIHUO-HW62GX,2023-10-11T18:16:14,25176.9,0.00011915,2.999827635,0.0042,True,2023-10-12T14:57:15,25335.2,0.00011915,3.01868908,0.00483,2
190,OVL2EJ-IPTGE-G3VXJM,2023-10-11T18:20:14,25176.4,0.00011916,3.000019824,0.0042,True,2023-10-12T14:58:14,25338.1,0.00011916,3.019287996,0.00483,2
183,OGQCGX-LJMLU-BGFXQQ,2023-10-11T18:13:14,25176.0,0.00011914,2.99946864,0.0042,True,2023-10-12T14:59:15,25337.9,0.00011914,3.018757406,0.00483,2
184,O5CFH6-6MW4J-5JIQ7H,2023-10-11T18:14:14,25213.7,0.00011898,2.999926026,0.0042,True,2023-10-12T15:00:15,25353.4,0.00011898,3.016547532,0.00483,2
178,O3JPGG-DEE5N-S3EAK3,2023-10-11T18:06:14,25237.1,0.00011886,2.999681706,0.0042,True,2023-10-12T15:06:14,25365.4,0.00011886,3.014931444,0.00482,2
162,OC3VFS-BTUFX-PD6XF7,2023-10-11T17:37:14,25245.5,0.00011878,2.99866049,0.0042,True,2023-10-12T15:11:16,25373.3,0.00011878,3.013840574,0.00482,2
164,OK36O3-QGYXW-EIJGH6,2023-10-11T17:43:14,25248.4,0.00011883,3.000267372,0.0042,True,2023-10-12T15:12:15,25376.9,0.00011883,3.015537027,0.00482,2
166,OYJ7XQ-TRQEV-YV746M,2023-10-11T17:45:14,25246.7,0.00011886,3.000822762,0.0042,True,2023-10-12T15:15:15,25379.1,0.00011886,3.016559826,0.00483,2
172,O4N7X5-ZAVLM-VJLNCK,2023-10-11T18:00:14,25240.0,0.00011884,2.9995216,0.0042,True,2023-10-12T15:18:15,25380.6,0.00011884,3.016230504,0.00483,2
202,OYIPUI-4DHFV-VK7UO5,2023-10-11T18:46:13,25169.9,0.00011918,2.999748682,0.0042,True,2023-10-12T15:19:16,25380.6,0.00011918,3.024859908,0.00484,2
182,O2QHI6-CQPWU-NZSGS2,2023-10-11T18:12:14,25161.3,0.0001191,2.99671083,0.0042,True,2023-10-12T16:00:15,25354.9,0.0001191,3.01976859,0.00483,2
200,OG3HWI-TFC7D-CBMHWR,2023-10-11T18:44:14,25161.0,0.00011923,2.99994603,0.0042,True,2023-10-12T16:01:16,25341.1,0.00011923,3.021419353,0.00483,2
170,O6MZSQ-52GNW-LCOZI4,2023-10-11T17:58:14,25262.2,0.00011875,2.99988625,0.0042,True,2023-10-13T15:00:15,25555.3,0.00011875,3.034691875,0.00486,2
192,OMALW2-MC7S5-4CMRDZ,2023-10-11T18:23:14,25160.4,0.00011926,3.000629304,0.0042,True,2023-10-12T21:22:15,25316.6,0.00011926,3.019257716,0.00483,2
188,OJW66Y-BG7WZ-WBZ67M,2023-10-11T18:18:14,25158.6,0.00011927,3.000666222,0.0042,True,2023-10-12T21:23:16,25319.1,0.00011927,3.019809057,0.00483,2
194,OXVMCI-QF7C4-OES6VE,2023-10-11T18:28:14,25150.4,0.00011928,2.999939712,0.0042,True,2023-10-12T21:28:16,25325.7,0.00011928,3.020849496,0.00483,2
210,OBJVL6-K4D3Q-QUK437,2023-10-11T19:00:15,25143.0,0.00011929,2.99930847,0.0042,True,2023-10-12T21:29:15,25316.2,0.00011929,3.019969498,0.00483,2
219,OELPMZ-ZB3KS-5HYFOV,2023-10-11T19:10:14,25137.3,0.00011935,3.000136755,0.0042,True,2023-10-12T21:42:16,25354.0,0.00011935,3.0259999,0.00484,2
238,ONU66I-QB6WP-5BFEWK,2023-10-11T20:09:14,25110.3,0.00011948,3.000178644,0.0042,True,2023-10-12T21:46:16,25360.3,0.00011948,3.030048644,0.00485,2
224,OBGYBX-MOZYG-4KBNV5,2023-10-11T19:19:14,25110.0,0.00011947,2.9998917,0.0042,True,2023-10-12T21:47:15,25360.0,0.00011947,3.0297592,0.00485,2
236,OWRVBX-LTPYW-6PB4JZ,2023-10-11T20:07:15,25110.0,0.00011947,2.9998917,0.0042,True,2023-10-12T21:48:15,25360.0,0.00011947,3.0297592,0.00485,2
227,O6TV37-XLUIA-7YI4T3,2023-10-11T19:46:14,25109.3,0.00011949,3.000310257,0.0042,True,2023-10-12T21:49:16,25360.0,0.00011949,3.0302664,0.00485,2
237,OLHHFR-DMOOO-2LCQ2S,2023-10-11T20:08:14,25109.0,0.00011947,2.99977223,0.0042,True,2023-10-12T21:50:15,25369.2,0.00011947,3.030858324,0.00485,2
226,OWRLZR-QKZJ7-KMGZKI,2023-10-11T19:45:14,25108.6,0.00011951,3.000728786,0.0042,True,2023-10-12T21:52:15,25370.0,0.00011951,3.0319687,0.00485,2
218,OXYA3C-UEIRC-52UF5C,2023-10-11T19:09:14,25105.7,0.00011948,2.999629036,0.0042,True,2023-10-12T22:03:16,25357.3,0.00011948,3.029690204,0.00485,2
242,ORH7J3-7ZRYW-PWJI76,2023-10-11T20:13:14,25103.5,0.0001195,2.99986825,0.0042,True,2023-10-12T22:04:16,25358.4,0.0001195,3.0303288,0.00485,2
239,O2YBOY-HIEHT-32FJI6,2023-10-11T20:10:14,25101.9,0.00011951,2.999928069,0.0042,True,2023-10-12T22:07:15,25375.5,0.00011951,3.032626005,0.00485,2
241,O2D4HB-PVKCV-FY4DPT,2023-10-11T20:12:14,25101.3,0.00011951,2.999856363,0.0042,True,2023-10-12T22:08:15,25379.1,0.00011951,3.033056241,0.00485,2
230,OLLWYS-YZDEY-WGRL4T,2023-10-11T19:49:15,25099.1,0.00011954,3.000346414,0.0042,True,2023-10-12T22:10:16,25378.1,0.00011954,3.033698074,0.00485,2
231,OB5AAR-LCFNC-PDR4UP,2023-10-11T19:50:14,25082.7,0.0001196,2.99989092,0.0042,True,2023-10-12T22:11:16,25380.4,0.0001196,3.03549584,0.00486,2
245,OKHXCX-UGRCQ-MCSJ4U,2023-10-12T17:30:15,25265.9,0.00011874,3.000072966,0.0048,True,2023-10-12T23:36:16,25392.9,0.00011874,3.015152946,0.00482,3
